id,activity,application,application_id,attachments,attachments.0.content_scan_version,attachments.0.content_type,attachments.0.filename,attachments.0.height,attachments.0.id,attachments.0.placeholder,attachments.0.placeholder_version,attachments.0.proxy_url,attachments.0.size,attachments.0.url,attachments.0.width,author.avatar,author.avatar_decoration_data,author.avatar_decoration_data.asset,author.avatar_decoration_data.expires_at,author.avatar_decoration_data.sku_id,author.bot,author.clan,author.clan.badge,author.clan.identity_enabled,author.clan.identity_guild_id,author.clan.tag,author.discriminator,author.global_name,author.id,author.primary_guild,author.primary_guild.badge,author.primary_guild.identity_enabled,author.primary_guild.identity_guild_id,author.primary_guild.tag,author.public_flags,author.username,call,channel_id,components,content,date,edited_timestamp,embeds,embeds.0.author.icon_url,embeds.0.author.name,embeds.0.author.proxy_icon_url,embeds.0.author.url,embeds.0.color,embeds.0.content_scan_version,embeds.0.description,embeds.0.footer.icon_url,embeds.0.footer.proxy_icon_url,embeds.0.footer.text,embeds.0.image.flags,embeds.0.image.height,embeds.0.image.proxy_url,embeds.0.image.url,embeds.0.image.width,embeds.0.thumbnail.flags,embeds.0.thumbnail.height,embeds.0.thumbnail.placeholder,embeds.0.thumbnail.placeholder_version,embeds.0.thumbnail.proxy_url,embeds.0.thumbnail.url,embeds.0.thumbnail.width,embeds.0.title,embeds.0.type,embeds.0.url,flags,interaction,mention_channels,mention_everyone,mentions,mentions.0.avatar,mentions.0.avatar_decoration_data,mentions.0.avatar_decoration_data.asset,mentions.0.avatar_decoration_data.expires_at,mentions.0.avatar_decoration_data.sku_id,mentions.0.bot,mentions.0.clan,mentions.0.clan.badge,mentions.0.clan.identity_enabled,mentions.0.clan.identity_guild_id,mentions.0.clan.tag,mentions.0.discriminator,mentions.0.global_name,mentions.0.id,mentions.0.primary_guild,mentions.0.primary_guild.badge,mentions.0.primary_guild.identity_enabled,mentions.0.primary_guild.identity_guild_id,mentions.0.primary_guild.tag,mentions.0.public_flags,mentions.0.username,message_reference,message_reference.channel_id,message_reference.guild_id,message_reference.message_id,message_reference.type,nonce,pinned,position,reactions,referenced_message,resolved,role_subscription_data,sticker_items,stickers,thread,timestamp,tts,type,userName,webhook_id
1332215084046487613,,,,,,,,,,,,,,,,65c77d775243c02c050157d41f1da92c,,,,,,,,,,,0,QBert,792692597868068874,,,,,,0,qbert._.,,1013855610871226480,,i am,2025-01-24T05:07:07.396Z,,,,,,,,,,,,,,,,,,,,,,,,,,,,0,,,false,,09501fe3b7b6076cf6bacbddfde7a12d,,,,,,,,,,,0,neverstopclicking,843025672665694208,,,,,,0,pwrth,,1013855610871226480,991099143705600000,1332214944476696576,0,,false,0,,,,,,,,2025-01-24T05:07:07.396000+00:00,false,19,qbert._.,
1332214949988143186,,,,,,,,,,,,,,,,11f8140955e2f916b31186cec19d183e,,,,,true,,,,,,5864,,1261022032183689216,,,,,,0,Pastel Rep Bot,,1013855610871226480,,,2025-01-24T05:06:35.434Z,,,,,,,11922135,1,,https://cdn.discordapp.com/avatars/843025672665694208/09501fe3b7b6076cf6bacbddfde7a12d.png,https://images-ext-1.discordapp.net/external/DuD5ZD__yLBY6A3esuwZkdgKN0rGPe2zAGarlfGiHC0/https/cdn.discordapp.com/avatars/843025672665694208/09501fe3b7b6076cf6bacbddfde7a12d.png,neverstopclicking (0 no rating)  ‚Ä¢  üü© 0 / üü• 0  ‚Ä¢  0 total,,,,,,,,,,,,,,rich,,0,,,false,,7d3382c43131d66ea4df0bf3ef7d2baf,,,,,true,,,,,,9725,,1081815963990761542,,,,,,65536,Rick,,1013855610871226480,991099143705600000,1332214949237362698,0,,false,0,,,,,,,,2025-01-24T05:06:35.434000+00:00,false,19,Pastel Rep Bot,
1332214949237362698,,,,,,,,,,,,,,,,7d3382c43131d66ea4df0bf3ef7d2baf,,,,,true,,,,,,9725,,1081815963990761542,,,,,,65536,Rick,,1013855610871226480,,üíä **[nuit](https://pump.fun/2eXamy7t3kvKhfV6aJ6Uwe3eh8cuREFcTKs1mFKZpump) [10M/6.4K%] - nuit/SOL** [‚¨ÜÔ∏é](https://discord.com/channels/991099143705600000/1013855610871226480/1332058324333756447),2025-01-24T05:06:35.255Z,,,,,,,11597382,1,"<:sol:941653282420576296> Solana @ Raydium
üí∞ USD: `$0.0099775`
üíé FDV: `$10M`  ‚û°Ô∏é ATH: `$17.3M` `[4h]` 
üí¶ Liq: `$530K` `[x37.6]` 
üìä Vol: `$46M`  üï∞Ô∏è Age: `10h`
üìà 1H: `16.9%` ‚ãÖ `$796K` üÖë `626` ‚ìà `627`
üë• TH: [10.0](https://solscan.io/account/EWkHoyi7fnYuTMUbMeRmPSvxToqAFnQp5ZWabFfQxgrD)‚ãÖ[7.9](https://solscan.io/account/4t35wgpftt7SF9C2Y9hRQtM6bsaK24LtxL9joXZyEAMG)‚ãÖ[5.0](https://solscan.io/account/AhPq1cheqvbqCU92nYmbRUrAqEjqJadRC9EpmRisVWfp)‚ãÖ[2.2](https://solscan.io/account/2itf6FWdZUqUb3fKUFPGnaTgqjjvWZwzrz129LCaqFa2)‚ãÖ[1.9](https://solscan.io/account/GQdq7BbdGZqDYzGyQzCf8aJRs6Q5Zp8WokNTGSkrjMKb) `[34%]`
üñ®Ô∏è Mint: ‚úÖ ‚ãÖ LP: üî•
üß∞ More: [ùïè](https://x.com/nottecore) ‚ãÖ [Web](https://www.notte.cc/) ‚ãÖ [Lens](https://lens.google.com/uploadbyurl?url=https://dd.dexscreener.com/ds-data/tokens/solana/2eXamy7t3kvKhfV6aJ6Uwe3eh8cuREFcTKs1mFKZpump.png?key=9ce92e?size=lg)
[üíπ](https://t.me/RickBurpBot/dsapp?startapp=2eXamy7t3kvKhfV6aJ6Uwe3eh8cuREFcTKs1mFKZpump_solana&mode=compact) Chart: [DEX](https://dexscreener.com/solana/966slyxcxj1hedfdfqsv2linhuauhmnadbcd4kdcj1mp) ‚ãÖ [DEF](https://www.defined.fi/sol/2eXamy7t3kvKhfV6aJ6Uwe3eh8cuREFcTKs1mFKZpump?referralCode=SR2O2&utm_source=rick&utm_medium=bots)

`2eXamy7t3kvKhfV6aJ6Uwe3eh8cuREFcTKs1mFKZpump`
[MAE](https://t.me/MaestroSniperBot?start=2eXamy7t3kvKhfV6aJ6Uwe3eh8cuREFcTKs1mFKZpump-rickburpbot)‚ãÖ[BAN](https://t.me/BananaGun_bot?start=snp_rickburpbot_2eXamy7t3kvKhfV6aJ6Uwe3eh8cuREFcTKs1mFKZpump)‚ãÖ[BNK](https://t.me/mcqueen_bonkbot?start=ref_rickbot_ca_2eXamy7t3kvKhfV6aJ6Uwe3eh8cuREFcTKs1mFKZpump)‚ãÖ[SHU](https://t.me/ShurikenTradeBot?start=qt-RickSanchez-2eXamy7t3kvKhfV6aJ6Uwe3eh8cuREFcTKs1mFKZpump)‚ãÖ[PEP](https://t.me/pepeboost_sol_bot?start=ref_0xRick_ca_2eXamy7t3kvKhfV6aJ6Uwe3eh8cuREFcTKs1mFKZpump)‚ãÖ[MVX](https://mevx.io/solana/2eXamy7t3kvKhfV6aJ6Uwe3eh8cuREFcTKs1mFKZpump?ref=RickBot)‚ãÖ[DEX](https://dexscreener.com/solana/966slyxcxj1hedfdfqsv2linhuauhmnadbcd4kdcj1mp)
[TRO](https://t.me/paris_trojanbot?start=d-RickBot-2eXamy7t3kvKhfV6aJ6Uwe3eh8cuREFcTKs1mFKZpump)‚ãÖ[STB](https://t.me/SolTradingBot?start=2eXamy7t3kvKhfV6aJ6Uwe3eh8cuREFcTKs1mFKZpump-yqC7cGy1T)‚ãÖ[PHO](https://photon-sol.tinyastro.io/en/r/@RickBurpBot/966sLyXCxj1HedfdFQsv2LiNHUaUhMNadBcD4kDcJ1MP)‚ãÖ[BLX](https://bullx.io/terminal?chainId=1399811149&address=2eXamy7t3kvKhfV6aJ6Uwe3eh8cuREFcTKs1mFKZpump&r=M7B0AY33YBS)‚ãÖ[GMG](https://gmgn.ai/sol/token/LbosYDck_2eXamy7t3kvKhfV6aJ6Uwe3eh8cuREFcTKs1mFKZpump)‚ãÖ[EXP](https://solscan.io/account/2eXamy7t3kvKhfV6aJ6Uwe3eh8cuREFcTKs1mFKZpump)‚ãÖ[TW](https://twitter.com/search?q=2eXamy7t3kvKhfV6aJ6Uwe3eh8cuREFcTKs1mFKZpump)
[PRO](https://t.me/MaestroProBot?start=2eXamy7t3kvKhfV6aJ6Uwe3eh8cuREFcTKs1mFKZpump-rickburpbot)‚ãÖ[BLO](https://t.me/BloomSolanaEU2_bot?start=ref_RickBot_ca_2eXamy7t3kvKhfV6aJ6Uwe3eh8cuREFcTKs1mFKZpump)‚ãÖ[APE](https://ape.pro/solana/2eXamy7t3kvKhfV6aJ6Uwe3eh8cuREFcTKs1mFKZpump?ref=RPXHyi9dQHMl)‚ãÖ[NEO](https://neo.bullx.io/terminal?chainId=1399811149&address=2eXamy7t3kvKhfV6aJ6Uwe3eh8cuREFcTKs1mFKZpump&r=9NLRTPEP0RV)‚ãÖ[PDR](https://trade.padre.gg/trade/solana/2eXamy7t3kvKhfV6aJ6Uwe3eh8cuREFcTKs1mFKZpump?rk=rick)‚ãÖ[NOV](https://t.me/TradeonNovaBot?start=r-rick-2eXamy7t3kvKhfV6aJ6Uwe3eh8cuREFcTKs1mFKZpump)‚ãÖ[CAL](https://t.me/CallAnalyserBot?start=2eXamy7t3kvKhfV6aJ6Uwe3eh8cuREFcTKs1mFKZpump)
üí• **NEW:** Fastest sniper & trading - [MevX](https://mevx.io/@RickBot)",https://cdn.discordapp.com/avatars/843025672665694208/09501fe3b7b6076cf6bacbddfde7a12d.png?size=1024,https://images-ext-1.discordapp.net/external/nG-W-5CnxoDh5urxEAs-wIC4ntr9umiqtSKyTe_pCj0/%3Fsize%3D1024/https/cdn.discordapp.com/avatars/843025672665694208/09501fe3b7b6076cf6bacbddfde7a12d.png,pwrth üèÜ bootysniper7 @ 4.3M üìà 2x ‚ãÖ 10h üëÄ 1.2K,,,,,,,,,,,,,,rich,https://dexscreener.com/solana/966slyxcxj1hedfdfqsv2linhuauhmnadbcd4kdcj1mp,0,,,false,,09501fe3b7b6076cf6bacbddfde7a12d,,,,,,,,,,,0,neverstopclicking,843025672665694208,,,,,,0,pwrth,,1013855610871226480,991099143705600000,1332214944476696576,0,,false,0,,,,,,,,2025-01-24T05:06:35.255000+00:00,false,19,Rick,
1332214944476696576,,,,,,,,,,,,,,,,09501fe3b7b6076cf6bacbddfde7a12d,,,,,,,,,,,0,neverstopclicking,843025672665694208,,,,,,0,pwrth,,1013855610871226480,,How is this one looking chat? Still in? 2eXamy7t3kvKhfV6aJ6Uwe3eh8cuREFcTKs1mFKZpump,2025-01-24T05:06:34.120Z,,,,,,,,,,,,,,,,,,,,,,,,,,,,0,,,false,,,,,,,,,,,,,,,,,,,,,,,,,,,,,false,,,,,,,,,2025-01-24T05:06:34.120000+00:00,false,0,pwrth,
1332214933370310737,,,,,,,,,,,,,,,,fe3156ef558994891468f4f5d160a2b8,,,,,true,,,,,,7141,,1310338209229832254,,,,,,0,Wuup,,1013855610871226480,,,2025-01-24T05:06:31.472Z,,,https://pbs.twimg.com/profile_images/1861517914827902976/-G6E8TWa.jpg,Hank üíé (@Hankusun),https://images-ext-1.discordapp.net/external/Y_nZRS6HFrWq3h6x9QmVQArhYFUbuIYTYLhxXPPE6Q8/https/pbs.twimg.com/profile_images/1861517914827902976/-G6E8TWa.jpg,https://x.com/Hankusun,8130774,1,Well lol [x.com/i/spaces/1mrxm‚Ä¶](https://x.com/i/spaces/1mrxmMPojkvxy),,,‚ñ∂Ô∏è  Built By @WuupX on ùïè   ‚Äî   Tweet Tracker,,,,,,,,,,,,,@Hankusun Tweeted:,rich,https://x.com/Hankusun/status/1882656200170610706,0,,,false,,,,,,,,,,,,,,,,,,,,,,,,,,,,,false,,,,,,,,,2025-01-24T05:06:31.472000+00:00,false,0,Wuup,
1332214812792586291,,,,,,,,,,,,,,,,4fecc6ff448c5e85068f8120e6002f91,,,,,,,,,,,0,chefboyardli,398644150339371016,,,,,,0,chefboyardli,,1013855610871226480,,niether,2025-01-24T05:06:02.724Z,,,,,,,,,,,,,,,,,,,,,,,,,,,,0,,,false,,,,,,,,,,,,,,,,,,,,,,,,,,,,,false,,,,,,,,,2025-01-24T05:06:02.724000+00:00,false,0,chefboyardli,
1332214781641490524,,,,,,,,,,,,,,,,3df8ba184694bb4040c19a69cd7e5c2d,,,,,,,,,,,0,Sid,334178231823630338,,,,,,0,cryptosid,,1013855610871226480,,ALON or Safemoon ?,2025-01-24T05:05:55.297Z,,,,,,,,,,,,,,,,,,,,,,,,,,,,0,,,false,,,,,,,,,,,,,,,,,,,,,,,,,,,,,false,,,,,,,,,2025-01-24T05:05:55.297000+00:00,false,0,cryptosid,
1332214781330984990,,,,,,,,,,,,,,,,a_1430915a3b776b35e867918f408f3294,,a_643e26a948548adb435b1078f273c426,,1301993378484850771,,,86735389348f3eacfa519eb553df38fd,true,1247268142879604810,^_^,0,Cyrus,469684674873131009,,86735389348f3eacfa519eb553df38fd,true,1247268142879604810,^_^,128,cy.rus,,1013855610871226480,,10 sol and I got you,2025-01-24T05:05:55.223Z,,,,,,,,,,,,,,,,,,,,,,,,,,,,0,,,false,,27865c47edca40addc4073b7640a90e8,,,,,,,,,,,0,Hurako,680152922386071576,,,,,,0,hurakinoloss,,1013855610871226480,991099143705600000,1332214662179196928,0,,false,0,,,,,,,,2025-01-24T05:05:55.223000+00:00,false,19,cy.rus,
1332214759021608981,,,,,,,,,,,,,,,,28c562028044f2b84f15ba43c183d592,,,,,,,,,,,0,TOPBLAST MCGEE,1050906969256493206,,,,,,0,dualityofman._,,1013855610871226480,,she can get this weiner,2025-01-24T05:05:49.904Z,,,,,,,,,,,,,,,,,,,,,,,,,,,,0,,,false,,,,,,,,,,,,,,,,,,,,,,,,,,,,,false,,,,,,,,,2025-01-24T05:05:49.904000+00:00,false,0,dualityofman._,
1332214732123279391,,,,,,,,,,,,,,,,fc7cd4924c8266e68cacf29450103637,,,,,,,,,,,0,cun t,974642614236217344,,,,,,0,artificial_al,,1013855610871226480,,"DOESNT MATTER IF SHES FUGLY, TITS ARE TITS",2025-01-24T05:05:43.491Z,,,,,,,,,,,,,,,,,,,,,,,,,,,,0,,,false,,,,,,,,,,,,,,,,,,,,,,,,,,,,,false,,,,,,,,,2025-01-24T05:05:43.491000+00:00,false,0,artificial_al,
1332214688561233952,,,,,,,,,,,,,,,,be77fc179bd2b3226db142ac61ae4ffd,,a_1b4de195cb3d8a181aaacc6caf719749,1739260800,1313309630851448833,,,,,,,0,villainarc36,396540381195534349,,,,,,0,villainarc36,,1013855610871226480,,aussie gives her +2 points,2025-01-24T05:05:33.105Z,,,,,,,,,,,,,,,,,,,,,,,,,,,,0,,,false,,,,,,,,,,,,,,,,,,,,,,,,,,,,,false,,,,,,,,,2025-01-24T05:05:33.105000+00:00,false,0,villainarc36,
1332214672254042233,,,,,,,,,,,,,,,,35ff286a9e07add0a201b2c5f4653eea,,,,,,,aa3ae17cf3404b511debb7316bcd8b8d,true,1176267490641334367,rich,0,Ant,972046210649161748,,aa3ae17cf3404b511debb7316bcd8b8d,true,1176267490641334367,rich,0,alqosh,,1013855610871226480,,i wouldnt clap,2025-01-24T05:05:29.217Z,,,,,,,,,,,,,,,,,,,,,,,,,,,,0,,,false,,,,,,,,,,,,,,,,,,,,,,,,,,,,,false,,,,,,,,,2025-01-24T05:05:29.217000+00:00,false,0,alqosh,
1332214668978290768,,,,,,,,,,,,,,,,6bf867ce0925a6d3d740f02c3b72bd69,,,,,,,,,,,0,twisty,1196383647402557450,,,,,,0,kryptoknight_54687,,1013855610871226480,,I like my bitches thick,2025-01-24T05:05:28.436Z,,,,,,,,,,,,,,,,,,,,,,,,,,,,0,,,false,,,,,,,,,,,,,,,,,,,,,,,,,,,,,false,,,,,,,,,2025-01-24T05:05:28.436000+00:00,false,0,kryptoknight_54687,
1332214662179196928,,,,,,,,,,,,,,,,27865c47edca40addc4073b7640a90e8,,,,,,,,,,,0,Hurako,680152922386071576,,,,,,0,hurakinoloss,,1013855610871226480,,show,2025-01-24T05:05:26.815Z,,,,,,,,,,,,,,,,,,,,,,,,,,,,0,,,false,,a_1430915a3b776b35e867918f408f3294,,a_643e26a948548adb435b1078f273c426,,1301993378484850771,,,86735389348f3eacfa519eb553df38fd,true,1247268142879604810,^_^,0,Cyrus,469684674873131009,,86735389348f3eacfa519eb553df38fd,true,1247268142879604810,^_^,128,cy.rus,,1013855610871226480,991099143705600000,1332214625873297510,0,,false,0,,,,,,,,2025-01-24T05:05:26.815000+00:00,false,19,hurakinoloss,
1332214652960247838,,,,,,,,,,,,,,,,35ff286a9e07add0a201b2c5f4653eea,,,,,,,aa3ae17cf3404b511debb7316bcd8b8d,true,1176267490641334367,rich,0,Ant,972046210649161748,,aa3ae17cf3404b511debb7316bcd8b8d,true,1176267490641334367,rich,0,alqosh,,1013855610871226480,,wdym cap,2025-01-24T05:05:24.617Z,,,,,,,,,,,,,,,,,,,,,,,,,,,,0,,,false,,,,,,,,,,,,,,,,,,,,,,,,,,,,,false,,,,,,,,,2025-01-24T05:05:24.617000+00:00,false,0,alqosh,
1332214633343357038,,,,,,,,,,,,,,,,be77fc179bd2b3226db142ac61ae4ffd,,a_1b4de195cb3d8a181aaacc6caf719749,1739260800,1313309630851448833,,,,,,,0,villainarc36,396540381195534349,,,,,,0,villainarc36,,1013855610871226480,,cap,2025-01-24T05:05:19.940Z,,,,,,,,,,,,,,,,,,,,,,,,,,,,0,,,false,,35ff286a9e07add0a201b2c5f4653eea,,,,,,,aa3ae17cf3404b511debb7316bcd8b8d,true,1176267490641334367,rich,0,Ant,972046210649161748,,aa3ae17cf3404b511debb7316bcd8b8d,true,1176267490641334367,rich,0,alqosh,,1013855610871226480,991099143705600000,1332214544176644137,0,,false,0,,,,,,,,2025-01-24T05:05:19.940000+00:00,false,19,villainarc36,
1332214625873297510,,,,,,,,,,,,,,,,a_1430915a3b776b35e867918f408f3294,,a_643e26a948548adb435b1078f273c426,,1301993378484850771,,,86735389348f3eacfa519eb553df38fd,true,1247268142879604810,^_^,0,Cyrus,469684674873131009,,86735389348f3eacfa519eb553df38fd,true,1247268142879604810,^_^,128,cy.rus,,1013855610871226480,,I deadass got a fatter ass,2025-01-24T05:05:18.159Z,,,,,,,,,,,,,,,,,,,,,,,,,,,,0,,,false,,,,,,,,,,,,,,,,,,,,,,,,,,,,,false,,,,,,,,,2025-01-24T05:05:18.159000+00:00,false,0,cy.rus,
1332214608349495500,,,,,,,,,,,,,,,,ce5338ac62343a92ecaab089d59a9f91,,,,,,,,,,,0,Lumi,353129087385993216,,,,,,0,lumillust,,1013855610871226480,,hella mid tbh,2025-01-24T05:05:13.981Z,,,,,,,,,,,,,,,,,,,,,,,,,,,,0,,,false,,,,,,,,,,,,,,,,,,,,,,,,,,,,,false,,,,,,,,,2025-01-24T05:05:13.981000+00:00,false,0,lumillust,
1332214551512616980,,,,,,,,,,,,,,,,35ff286a9e07add0a201b2c5f4653eea,,,,,,,aa3ae17cf3404b511debb7316bcd8b8d,true,1176267490641334367,rich,0,Ant,972046210649161748,,aa3ae17cf3404b511debb7316bcd8b8d,true,1176267490641334367,rich,0,alqosh,,1013855610871226480,,like at all,2025-01-24T05:05:00.430Z,,,,,,,,,,,,,,,,,,,,,,,,,,,,0,,,false,,,,,,,,,,,,,,,,,,,,,,,,,,,,,false,,,,,,,,,2025-01-24T05:05:00.430000+00:00,false,0,alqosh,
1332214544176644137,,,,,,,,,,,,,,,,35ff286a9e07add0a201b2c5f4653eea,,,,,,,aa3ae17cf3404b511debb7316bcd8b8d,true,1176267490641334367,rich,0,Ant,972046210649161748,,aa3ae17cf3404b511debb7316bcd8b8d,true,1176267490641334367,rich,0,alqosh,,1013855610871226480,,shes deadass not even cute,2025-01-24T05:04:58.681Z,,,,,,,,,,,,,,,,,,,,,,,,,,,,0,,,false,,,,,,,,,,,,,,,,,,,,,,,,,,,,,false,,,,,,,,,2025-01-24T05:04:58.681000+00:00,false,0,alqosh,
1332214534144000053,,,,,,,,,,,,,,,,e30dbedd299fb30ee15e8c3fcb7c5135,,,,,,,,,,,0,spaiidz,319965132094701570,,,,,,256,spaiidz,,1013855610871226480,,https://cdn.discordapp.com/attachments/1272352340627947550/1289324395596349501/attachment.gif,2025-01-24T05:04:56.289Z,,,,,,,,1,,,,,,,,,,32,553,6RgSJQSIh2+JiHiIeHdohjeEcGYJ,1,https://media.discordapp.net/attachments/1272352340627947550/1289324395596349501/attachment.gif?ex=6794a22a&is=679350aa&hm=99cd94e0927eb0f9cf70c2e011cc5fea6020032b3c609a6acbc6f555c7ad2ba5&,https://cdn.discordapp.com/attachments/1272352340627947550/1289324395596349501/attachment.gif?ex=6794a22a&is=679350aa&hm=99cd94e0927eb0f9cf70c2e011cc5fea6020032b3c609a6acbc6f555c7ad2ba5&,400,,image,https://cdn.discordapp.com/attachments/1272352340627947550/1289324395596349501/attachment.gif,0,,,false,,,,,,,,,,,,,,,,,,,,,,,,,,,,,false,,,,,,,,,2025-01-24T05:04:56.289000+00:00,false,0,spaiidz,
1332214533556670506,,,,,,,,,,,,,,,,be77fc179bd2b3226db142ac61ae4ffd,,a_1b4de195cb3d8a181aaacc6caf719749,1739260800,1313309630851448833,,,,,,,0,villainarc36,396540381195534349,,,,,,0,villainarc36,,1013855610871226480,,im gooning,2025-01-24T05:04:56.149Z,,,,,,,,,,,,,,,,,,,,,,,,,,,,0,,,false,,35ff286a9e07add0a201b2c5f4653eea,,,,,,,aa3ae17cf3404b511debb7316bcd8b8d,true,1176267490641334367,rich,0,Ant,972046210649161748,,aa3ae17cf3404b511debb7316bcd8b8d,true,1176267490641334367,rich,0,alqosh,,1013855610871226480,991099143705600000,1332214396906242058,0,,false,0,,,,,,,,2025-01-24T05:04:56.149000+00:00,false,19,villainarc36,
1332214487054553149,,,,,,,,,,,,,,,,fc7cd4924c8266e68cacf29450103637,,,,,,,,,,,0,cun t,974642614236217344,,,,,,0,artificial_al,,1013855610871226480,,fucking cmon 5 m already,2025-01-24T05:04:45.062Z,,,,,,,,,,,,,,,,,,,,,,,,,,,,0,,,false,,,,,,,,,,,,,,,,,,,,,,,,,,,,,false,,,,,,,,,2025-01-24T05:04:45.062000+00:00,false,0,artificial_al,
1332214477231357974,,,,,,,,,,,,,,,,7b6903cc983e2a61f27fcf2ea83b320e,,,,,,,,,,,0,blurri,493943020425576490,,,,,,64,blurriii,,1013855610871226480,,Im in to this,2025-01-24T05:04:42.720Z,,,,,,,,,,,,,,,,,,,,,,,,,,,,0,,,false,,35ff286a9e07add0a201b2c5f4653eea,,,,,,,aa3ae17cf3404b511debb7316bcd8b8d,true,1176267490641334367,rich,0,Ant,972046210649161748,,aa3ae17cf3404b511debb7316bcd8b8d,true,1176267490641334367,rich,0,alqosh,,1013855610871226480,991099143705600000,1332214396906242058,0,,false,0,,,,,,,,2025-01-24T05:04:42.720000+00:00,false,19,blurriii,
1332214437720883241,,,,,,,,,,,,,,,,35ff286a9e07add0a201b2c5f4653eea,,,,,,,aa3ae17cf3404b511debb7316bcd8b8d,true,1176267490641334367,rich,0,Ant,972046210649161748,,aa3ae17cf3404b511debb7316bcd8b8d,true,1176267490641334367,rich,0,alqosh,,1013855610871226480,,homewrecking blackmail,2025-01-24T05:04:33.300Z,,,,,,,,,,,,,,,,,,,,,,,,,,,,0,,,false,,,,,,,,,,,,,,,,,,,,,,,,,,,,,false,,,,,,,,,2025-01-24T05:04:33.300000+00:00,false,0,alqosh,
1332214412047679569,,,,,,,,,,,,,,,,35ff286a9e07add0a201b2c5f4653eea,,,,,,,aa3ae17cf3404b511debb7316bcd8b8d,true,1176267490641334367,rich,0,Ant,972046210649161748,,aa3ae17cf3404b511debb7316bcd8b8d,true,1176267490641334367,rich,0,alqosh,,1013855610871226480,,tf kinda caption is this,2025-01-24T05:04:27.179Z,,,,,,,,,,,,,,,,,,,,,,,,,,,,0,,,false,,,,,,,,,,,,,,,,,,,,,,,,,,,,,false,,,,,,,,,2025-01-24T05:04:27.179000+00:00,false,0,alqosh,
1332214396906242058,,,,,1,image/png,image.png,289,1332214396688007289,CBgGE4YWx1WgjHSJBpF6AJg=,1,https://media.discordapp.net/attachments/1013855610871226480/1332214396688007289/image.png?ex=679470d7&is=67931f57&hm=37bc0404f0f6f7760b6bce3ed7006af1ed56faaa9745a0ad6daeaee4d8e7eb8d&,159583,https://cdn.discordapp.com/attachments/1013855610871226480/1332214396688007289/image.png?ex=679470d7&is=67931f57&hm=37bc0404f0f6f7760b6bce3ed7006af1ed56faaa9745a0ad6daeaee4d8e7eb8d&,608,35ff286a9e07add0a201b2c5f4653eea,,,,,,,aa3ae17cf3404b511debb7316bcd8b8d,true,1176267490641334367,rich,0,Ant,972046210649161748,,aa3ae17cf3404b511debb7316bcd8b8d,true,1176267490641334367,rich,0,alqosh,,1013855610871226480,,,2025-01-24T05:04:23.569Z,,,,,,,,,,,,,,,,,,,,,,,,,,,,0,,,false,,,,,,,,,,,,,,,,,,,,,,,,,,,,,false,,,,,,,,,2025-01-24T05:04:23.569000+00:00,false,0,alqosh,
1332214161102471208,,,,,,,,,,,,,,,,5b15f5e20262cd1f38fbbc6d148bf2d1,,,,,,,,,,,0,sundayalpha,790435988891238450,,,,,,0,sundayalpha,,1013855610871226480,,is alon getting an everyday?,2025-01-24T05:03:27.349Z,,,,,,,,,,,,,,,,,,,,,,,,,,,,0,,,false,,fe3156ef558994891468f4f5d160a2b8,,,,,true,,,,,,7141,,1310338209229832254,,,,,,0,Wuup,,1013855610871226480,991099143705600000,1332213828821323807,0,,false,0,,,,,,,,2025-01-24T05:03:27.349000+00:00,false,19,sundayalpha,
1332214005900509204,,,,,,,,,,,,,,,,a_a613f042cf2cdeed85422c5b1058308e,,,,,,,,,,,0,RugPullKing,1331787702093352984,,,,,,0,rugpullking,,1013855610871226480,,True nm,2025-01-24T05:02:50.346Z,,,,,,,,,,,,,,,,,,,,,,,,,,,,0,,,false,,a8e9fc4e1fc9f7f7291bfb804f3bfa86,,,,,,,,,,,0,sdk,808970179810820126,,,,,,0,_s_d_k_,,1013855610871226480,991099143705600000,1332213712106291221,0,,false,0,,,,,,,,2025-01-24T05:02:50.346000+00:00,false,19,rugpullking,
1332213828821323807,,,,,,,,,,,,,,,,fe3156ef558994891468f4f5d160a2b8,,,,,true,,,,,,7141,,1310338209229832254,,,,,,0,Wuup,,1013855610871226480,,,2025-01-24T05:02:08.127Z,,,https://pbs.twimg.com/profile_images/1875434258426187776/XUJTdd67.jpg,alon (@a1lon9),https://images-ext-1.discordapp.net/external/k8sOSyoGAVQSYfPiNHJzZppkM4N_3NkAsuUsV3WepVo/https/pbs.twimg.com/profile_images/1875434258426187776/XUJTdd67.jpg,https://x.com/a1lon9,8130774,1,"> **beeple** (**[@beeple](https://x.com/beeple)**)
> ([**958** Following](https://x.com/beeple/following) | [**818,631** Followers](https://x.com/beeple/followers))
> 
> design shit. 17+ years of everydays*
> 
> :link: [beeple-crap.com](http://www.beeple-crap.com)

Recently Followed By **[@Probably0](https://x.com/Probably0)**, **[@gmrlls](https://x.com/gmrlls)**, **[@CryptoHenreezy](https://x.com/CryptoHenreezy)**, **[@n0commas](https://x.com/n0commas)**, **[@crypto10hao](https://x.com/crypto10hao)**, **[@chungus](https://x.com/chungus)**, **[@Web3Simon1](https://x.com/Web3Simon1)**, **[@U_734](https://x.com/U_734)**, **[@voidecho_](https://x.com/voidecho_)**, **[@memeosAI](https://x.com/memeosAI)**, **[@chamalo2win](https://x.com/chamalo2win)**, **[@proyegpump](https://x.com/proyegpump)**, **[@actioncat_kapow](https://x.com/actioncat_kapow)**, **[@ilyaxbt](https://x.com/ilyaxbt)**, **[@busytillmoon](https://x.com/busytillmoon)**, **[@2sh1002](https://x.com/2sh1002)**, **[@t9lhysy](https://x.com/t9lhysy)**, **[@MylordMylord777](https://x.com/MylordMylord777)**, **[@gu5371804581905](https://x.com/gu5371804581905)**, **[@SamuelCatalyst](https://x.com/SamuelCatalyst)**, **[@iCrypticwise](https://x.com/iCrypticwise)**, **[@0xExMachina](https://x.com/0xExMachina)**, **[@gratemass](https://x.com/gratemass)**, **[@Reeq62121337](https://x.com/Reeq62121337)**, **[@fei23175](https://x.com/fei23175)**",,,Built By @WuupX on ùïè   ‚Äî   Tweet Tracker,0,640,https://images-ext-1.discordapp.net/external/nMqfZMT8NIo85mG5RG9-vd-56zeyssHE4RzkgC5ZlA4/https/pbs.twimg.com/profile_banners/34097500/1443092829,https://pbs.twimg.com/profile_banners/34097500/1443092829,1919,0,500,,,https://images-ext-1.discordapp.net/external/aX2YzarID9l_ZCXpFLjFO_r78CAnx9EwGC-ih1ar6gg/https/pbs.twimg.com/profile_images/264316321/beeple_headshot_beat_up.jpg,https://pbs.twimg.com/profile_images/264316321/beeple_headshot_beat_up.jpg,500,@a1lon9 Followed @beeple:,rich,https://x.com/beeple,0,,,false,,,,,,,,,,,,,,,,,,,,,,,,,,,,,false,,,,,,,,,2025-01-24T05:02:08.127000+00:00,false,0,Wuup,
1332213786094080080,,,,,,,,,,,,,,,,a_1430915a3b776b35e867918f408f3294,,a_643e26a948548adb435b1078f273c426,,1301993378484850771,,,86735389348f3eacfa519eb553df38fd,true,1247268142879604810,^_^,0,Cyrus,469684674873131009,,86735389348f3eacfa519eb553df38fd,true,1247268142879604810,^_^,128,cy.rus,,1013855610871226480,,üò≠,2025-01-24T05:01:57.940Z,,,,,,,,,,,,,,,,,,,,,,,,,,,,0,,,false,,,,,,,,,,,,,,,,,,,,,,,,,,,,,false,,,,,,,,,2025-01-24T05:01:57.940000+00:00,false,0,cy.rus,
1332213781589262336,,,,,,,,,,,,,,,,a_1430915a3b776b35e867918f408f3294,,a_643e26a948548adb435b1078f273c426,,1301993378484850771,,,86735389348f3eacfa519eb553df38fd,true,1247268142879604810,^_^,0,Cyrus,469684674873131009,,86735389348f3eacfa519eb553df38fd,true,1247268142879604810,^_^,128,cy.rus,,1013855610871226480,,no way this chick cant mute,2025-01-24T05:01:56.866Z,,,,,,,,,,,,,,,,,,,,,,,,,,,,0,,,false,,,,,,,,,,,,,,,,,,,,,,,,,,,,,false,,,,,,,,,2025-01-24T05:01:56.866000+00:00,false,0,cy.rus,
1332213768670810113,,,,,,,,,,,,,,,,11f8140955e2f916b31186cec19d183e,,,,,true,,,,,,5864,,1261022032183689216,,,,,,0,Pastel Rep Bot,,1013855610871226480,,,2025-01-24T05:01:53.786Z,,,,,,,11922135,1,,https://i.gyazo.com/c0ce4b9450d03d22b5f09538f180a044.png,https://images-ext-1.discordapp.net/external/aVSkZrABTq2BRcmPcAmlBVeKx8U_l6BWrHYRunigc0A/https/i.gyazo.com/c0ce4b9450d03d22b5f09538f180a044.png,x (0 no rating)  ‚Ä¢  üü© 0 / üü• 0  ‚Ä¢  0 total,,,,,,,,,,,,,,rich,,0,,,false,,7d3382c43131d66ea4df0bf3ef7d2baf,,,,,true,,,,,,9725,,1081815963990761542,,,,,,65536,Rick,,1013855610871226480,991099143705600000,1332213767886602321,0,,false,0,,,,,,,,2025-01-24T05:01:53.786000+00:00,false,19,Pastel Rep Bot,
1332213767886602321,,,,,,,,,,,,,,,,7d3382c43131d66ea4df0bf3ef7d2baf,,,,,true,,,,,,9725,,1081815963990761542,,,,,,65536,Rick,,1013855610871226480,,**Ben Pasternak (clout.me) [16.8M/97.8K%] - PASTERNAK/SOL** [‚¨ÜÔ∏é](https://discord.com/channels/991099143705600000/1013855610871226480/1332193748683329679),2025-01-24T05:01:53.599Z,,,,,,,11597382,0,"<:sol:941653282420576296> Solana @ Raydium Clmm üî• `#1`
üí∞ USD: `$0.017`
üíé FDV: `$16.8M`  ‚û°Ô∏é ATH: `$21.9M` `[13m]` 
üí¶ Liq: `$607K` `[x55.5]` 
üìä Vol: `$18M`  üï∞Ô∏è Age: `1h`
üöÄ 1H: `2.9K%` ‚ãÖ `$15.2M` üÖë `9.6K` ‚ìà `8.9K`
üë• TH: [2.5](https://solscan.io/account/6Q9WLGpsnmVEb3JPH2K7RxAeXDC4zmS8L8wyHSjNiRHP)‚ãÖ[2.3](https://solscan.io/account/EsCk2ewGL1tEnL3zzai7ZUbBjDyYDxYoumVcCYKf6no3)‚ãÖ[2.2](https://solscan.io/account/Hr31aGDVmPCh5Sa2y7PbgdTvtT39r2SKsG9qJpYPJUQp)‚ãÖ[1.7](https://solscan.io/account/karo5KfhLKn3vN3znmYbJRyyGQCoLya953WbRkDvjWP)‚ãÖ[1.5](https://solscan.io/account/5phLFhddQWd28wnTwd2G3gqjKop6JSGQaLLw9SxKM7Uw) `[17%]`
üñ®Ô∏è Mint: ‚úÖ
[üíπ](https://t.me/RickBurpBot/dsapp?startapp=Ey59PH7Z4BFU4HjyKnyMdWt5GGN76KazTAwQihoUXRnk_solana&mode=compact) Chart: [DEX](https://dexscreener.com/solana/yrrustgpugdp8bbfosqdefssen6sa75zs1qjvgnhtmy) ‚ãÖ [DEF](https://www.defined.fi/sol/Ey59PH7Z4BFU4HjyKnyMdWt5GGN76KazTAwQihoUXRnk?referralCode=SR2O2&utm_source=rick&utm_medium=bots)

`Ey59PH7Z4BFU4HjyKnyMdWt5GGN76KazTAwQihoUXRnk`
[MAE](https://t.me/MaestroSniperBot?start=Ey59PH7Z4BFU4HjyKnyMdWt5GGN76KazTAwQihoUXRnk-rickburpbot)‚ãÖ[BAN](https://t.me/BananaGun_bot?start=snp_rickburpbot_Ey59PH7Z4BFU4HjyKnyMdWt5GGN76KazTAwQihoUXRnk)‚ãÖ[BNK](https://t.me/mcqueen_bonkbot?start=ref_rickbot_ca_Ey59PH7Z4BFU4HjyKnyMdWt5GGN76KazTAwQihoUXRnk)‚ãÖ[SHU](https://t.me/ShurikenTradeBot?start=qt-RickSanchez-Ey59PH7Z4BFU4HjyKnyMdWt5GGN76KazTAwQihoUXRnk)‚ãÖ[PEP](https://t.me/pepeboost_sol_bot?start=ref_0xRick_ca_Ey59PH7Z4BFU4HjyKnyMdWt5GGN76KazTAwQihoUXRnk)‚ãÖ[MVX](https://mevx.io/solana/Ey59PH7Z4BFU4HjyKnyMdWt5GGN76KazTAwQihoUXRnk?ref=RickBot)‚ãÖ[DEX](https://dexscreener.com/solana/yrrustgpugdp8bbfosqdefssen6sa75zs1qjvgnhtmy)
[TRO](https://t.me/paris_trojanbot?start=d-RickBot-Ey59PH7Z4BFU4HjyKnyMdWt5GGN76KazTAwQihoUXRnk)‚ãÖ[STB](https://t.me/SolTradingBot?start=Ey59PH7Z4BFU4HjyKnyMdWt5GGN76KazTAwQihoUXRnk-yqC7cGy1T)‚ãÖ[PHO](https://photon-sol.tinyastro.io/en/r/@RickBurpBot/YrrUStgPugDp8BbfosqDeFssen6sA75ZS1QJvgnHtmY)‚ãÖ[BLX](https://bullx.io/terminal?chainId=1399811149&address=Ey59PH7Z4BFU4HjyKnyMdWt5GGN76KazTAwQihoUXRnk&r=M7B0AY33YBS)‚ãÖ[GMG](https://gmgn.ai/sol/token/LbosYDck_Ey59PH7Z4BFU4HjyKnyMdWt5GGN76KazTAwQihoUXRnk)‚ãÖ[EXP](https://solscan.io/account/Ey59PH7Z4BFU4HjyKnyMdWt5GGN76KazTAwQihoUXRnk)‚ãÖ[TW](https://twitter.com/search?q=Ey59PH7Z4BFU4HjyKnyMdWt5GGN76KazTAwQihoUXRnk)
[PRO](https://t.me/MaestroProBot?start=Ey59PH7Z4BFU4HjyKnyMdWt5GGN76KazTAwQihoUXRnk-rickburpbot)‚ãÖ[BLO](https://t.me/BloomSolanaEU2_bot?start=ref_RickBot_ca_Ey59PH7Z4BFU4HjyKnyMdWt5GGN76KazTAwQihoUXRnk)‚ãÖ[APE](https://ape.pro/solana/Ey59PH7Z4BFU4HjyKnyMdWt5GGN76KazTAwQihoUXRnk?ref=RPXHyi9dQHMl)‚ãÖ[NEO](https://neo.bullx.io/terminal?chainId=1399811149&address=Ey59PH7Z4BFU4HjyKnyMdWt5GGN76KazTAwQihoUXRnk&r=9NLRTPEP0RV)‚ãÖ[PDR](https://trade.padre.gg/trade/solana/Ey59PH7Z4BFU4HjyKnyMdWt5GGN76KazTAwQihoUXRnk?rk=rick)‚ãÖ[NOV](https://t.me/TradeonNovaBot?start=r-rick-Ey59PH7Z4BFU4HjyKnyMdWt5GGN76KazTAwQihoUXRnk)‚ãÖ[CAL](https://t.me/CallAnalyserBot?start=Ey59PH7Z4BFU4HjyKnyMdWt5GGN76KazTAwQihoUXRnk)
üéØ **NEW:** Auto-Sniper now LIVE [on Trojan](https://t.me/solana_trojanbot?start=r-rickbot)",,,offwhiteonoffnights üèÜ okgoalex @ 449.5K üìà 37x ‚ãÖ 1h üëÄ 721,,,,,,,,,,,,,,rich,https://dexscreener.com/solana/yrrustgpugdp8bbfosqdefssen6sa75zs1qjvgnhtmy,0,,,false,,,,a_643e26a948548adb435b1078f273c426,,1301993378484850771,,,,,,,0,x,1314863328493043723,,,,,,0,offwhiteonoffnights,,1013855610871226480,991099143705600000,1332213726069395567,0,,false,0,,,,,,,,2025-01-24T05:01:53.599000+00:00,false,19,Rick,
1332213726069395567,,,,,,,,,,,,,,,,,,a_643e26a948548adb435b1078f273c426,,1301993378484850771,,,,,,,0,x,1314863328493043723,,,,,,0,offwhiteonoffnights,,1013855610871226480,,Ey59PH7Z4BFU4HjyKnyMdWt5GGN76KazTAwQihoUXRnk,2025-01-24T05:01:43.629Z,,,,,,,,,,,,,,,,,,,,,,,,,,,,0,,,false,,,,,,,,,,,,,,,,,,,,,,,,,,,,,false,,,,,,,,,2025-01-24T05:01:43.629000+00:00,false,0,offwhiteonoffnights,
1332213712106291221,,,,,,,,,,,,,,,,a8e9fc4e1fc9f7f7291bfb804f3bfa86,,,,,,,,,,,0,sdk,808970179810820126,,,,,,0,_s_d_k_,,1013855610871226480,,"idk looks larpy - check the github and docs, nothing there",2025-01-24T05:01:40.300Z,2025-01-24T05:01:57.546000+00:00,,,,,,,,,,,,,,,,,,,,,,,,,,,0,,,false,,a_a613f042cf2cdeed85422c5b1058308e,,,,,,,,,,,0,RugPullKing,1331787702093352984,,,,,,0,rugpullking,,1013855610871226480,991099143705600000,1332213294760595542,0,,false,0,,,,,,,,2025-01-24T05:01:40.300000+00:00,false,19,_s_d_k_,
1332213697837404261,,,,,,,,,,,,,,,,fe3156ef558994891468f4f5d160a2b8,,,,,true,,,,,,7141,,1310338209229832254,,,,,,0,Wuup,,1013855610871226480,,,2025-01-24T05:01:36.898Z,2025-01-24T05:01:37.160000+00:00,,https://pbs.twimg.com/profile_images/1875434258426187776/XUJTdd67.jpg,alon (@a1lon9),https://images-ext-1.discordapp.net/external/k8sOSyoGAVQSYfPiNHJzZppkM4N_3NkAsuUsV3WepVo/https/pbs.twimg.com/profile_images/1875434258426187776/XUJTdd67.jpg,https://x.com/a1lon9,8130774,1,"- ~~                    ~~
> **beeple** (**[@beeple](https://x.com/beeple)**)
> SHINY NEW THING **[View More](https://x.com/beeple/status/1882654351984054314)**
> - :frame_photo: ‚Äî **[Image #1](https://pbs.twimg.com/media/GiCHjNGXIAA3hSy.jpg)**
- ~~                    ~~",,,üîÉ  Built By @WuupX on ùïè   ‚Äî   Tweet Tracker,0,1200,https://images-ext-1.discordapp.net/external/sSmu8SBlU6S4Bnyg8qjeixHDJUQG2L9Qj8lagCOFMLI/https/pbs.twimg.com/media/GiCHjNGXIAA3hSy.jpg,https://pbs.twimg.com/media/GiCHjNGXIAA3hSy.jpg,960,,,,,,,,@a1lon9 Retweeted @beeple:,rich,https://x.com/a1lon9/status/1882654965182984632,0,,,false,,,,,,,,,,,,,,,,,,,,,,,,,,,,,false,,,,,,,,,2025-01-24T05:01:36.898000+00:00,false,0,Wuup,
1332213685799620610,,,,,,,,,,,,,,,,fe3156ef558994891468f4f5d160a2b8,,,,,true,,,,,,7141,,1310338209229832254,,,,,,0,Wuup,,1013855610871226480,,,2025-01-24T05:01:34.028Z,2025-01-24T05:01:34.299000+00:00,,https://pbs.twimg.com/profile_images/1875434258426187776/XUJTdd67.jpg,alon (@a1lon9),https://images-ext-1.discordapp.net/external/k8sOSyoGAVQSYfPiNHJzZppkM4N_3NkAsuUsV3WepVo/https/pbs.twimg.com/profile_images/1875434258426187776/XUJTdd67.jpg,https://x.com/a1lon9,8130774,1,"Remilio

- ~~                    ~~
> **beeple** (**[@beeple](https://x.com/beeple)**)
> SHINY NEW THING **[View More](https://x.com/beeple/status/1882654351984054314)**
> - :frame_photo: ‚Äî **[Image #1](https://pbs.twimg.com/media/GiCHjNGXIAA3hSy.jpg)**
- ~~                    ~~",,,‚Ü™Ô∏è  Built By @WuupX on ùïè   ‚Äî   Tweet Tracker,0,1200,https://images-ext-1.discordapp.net/external/sSmu8SBlU6S4Bnyg8qjeixHDJUQG2L9Qj8lagCOFMLI/https/pbs.twimg.com/media/GiCHjNGXIAA3hSy.jpg,https://pbs.twimg.com/media/GiCHjNGXIAA3hSy.jpg,960,,,,,,,,@a1lon9 Replied to @beeple:,rich,https://x.com/a1lon9/status/1882654953476399507,0,,,false,,,,,,,,,,,,,,,,,,,,,,,,,,,,,false,,,,,,,,,2025-01-24T05:01:34.028000+00:00,false,0,Wuup,
1332213605214457949,,,,,,,,,,,,,,,,11f8140955e2f916b31186cec19d183e,,,,,true,,,,,,5864,,1261022032183689216,,,,,,0,Pastel Rep Bot,,1013855610871226480,,,2025-01-24T05:01:14.815Z,,,,,,,11922135,1,,https://cdn.discordapp.com/avatars/745777409244266557/78478852b940f7cd53ced399e8b08509.png,https://images-ext-1.discordapp.net/external/roDo345TYfnGdgiWfBt-g6TwsUOulHf46FBqqgBKXo4/https/cdn.discordapp.com/avatars/745777409244266557/78478852b940f7cd53ced399e8b08509.png,karm_live (-100 poor rating)  ‚Ä¢  üü© 0 / üü• 1  ‚Ä¢  1 total,,,,,,,,,,,,,,rich,,0,,,false,,7d3382c43131d66ea4df0bf3ef7d2baf,,,,,true,,,,,,9725,,1081815963990761542,,,,,,65536,Rick,,1013855610871226480,991099143705600000,1332213604061282377,0,,false,0,,,,,,,,2025-01-24T05:01:14.815000+00:00,false,19,Pastel Rep Bot,
1332213604061282377,,,,,,,,,,,,,,,,7d3382c43131d66ea4df0bf3ef7d2baf,,,,,true,,,,,,9725,,1081815963990761542,,,,,,65536,Rick,,1013855610871226480,,**Ben Pasternak (clout.me) [17.9M/86.3K%] - PASTERNAK/SOL** [‚¨ÜÔ∏é](https://discord.com/channels/991099143705600000/1013855610871226480/1332193748683329679),2025-01-24T05:01:14.540Z,,,,,,,11597382,1,"<:sol:941653282420576296> Solana @ Raydium Clmm üî• `#1`
üí∞ USD: `$0.018`
üíé FDV: `$17.9M`  ‚û°Ô∏é ATH: `$21.9M` `[12m]` 
üí¶ Liq: `$570K` `[x62.9]` 
üìä Vol: `$18M`  üï∞Ô∏è Age: `1h`
üöÄ 1H: `1.8K%` ‚ãÖ `$15M` üÖë `9.5K` ‚ìà `8.8K`
üë• TH: [2.5](https://solscan.io/account/6Q9WLGpsnmVEb3JPH2K7RxAeXDC4zmS8L8wyHSjNiRHP)‚ãÖ[2.3](https://solscan.io/account/EsCk2ewGL1tEnL3zzai7ZUbBjDyYDxYoumVcCYKf6no3)‚ãÖ[2.2](https://solscan.io/account/Hr31aGDVmPCh5Sa2y7PbgdTvtT39r2SKsG9qJpYPJUQp)‚ãÖ[1.7](https://solscan.io/account/karo5KfhLKn3vN3znmYbJRyyGQCoLya953WbRkDvjWP)‚ãÖ[1.5](https://solscan.io/account/5phLFhddQWd28wnTwd2G3gqjKop6JSGQaLLw9SxKM7Uw) `[17%]`
üñ®Ô∏è Mint: ‚úÖ
[üíπ](https://t.me/RickBurpBot/dsapp?startapp=Ey59PH7Z4BFU4HjyKnyMdWt5GGN76KazTAwQihoUXRnk_solana&mode=compact) Chart: [DEX](https://dexscreener.com/solana/yrrustgpugdp8bbfosqdefssen6sa75zs1qjvgnhtmy) ‚ãÖ [DEF](https://www.defined.fi/sol/Ey59PH7Z4BFU4HjyKnyMdWt5GGN76KazTAwQihoUXRnk?referralCode=SR2O2&utm_source=rick&utm_medium=bots)

`Ey59PH7Z4BFU4HjyKnyMdWt5GGN76KazTAwQihoUXRnk`
[MAE](https://t.me/MaestroSniperBot?start=Ey59PH7Z4BFU4HjyKnyMdWt5GGN76KazTAwQihoUXRnk-rickburpbot)‚ãÖ[BAN](https://t.me/BananaGun_bot?start=snp_rickburpbot_Ey59PH7Z4BFU4HjyKnyMdWt5GGN76KazTAwQihoUXRnk)‚ãÖ[BNK](https://t.me/mcqueen_bonkbot?start=ref_rickbot_ca_Ey59PH7Z4BFU4HjyKnyMdWt5GGN76KazTAwQihoUXRnk)‚ãÖ[SHU](https://t.me/ShurikenTradeBot?start=qt-RickSanchez-Ey59PH7Z4BFU4HjyKnyMdWt5GGN76KazTAwQihoUXRnk)‚ãÖ[PEP](https://t.me/pepeboost_sol_bot?start=ref_0xRick_ca_Ey59PH7Z4BFU4HjyKnyMdWt5GGN76KazTAwQihoUXRnk)‚ãÖ[MVX](https://mevx.io/solana/Ey59PH7Z4BFU4HjyKnyMdWt5GGN76KazTAwQihoUXRnk?ref=RickBot)‚ãÖ[DEX](https://dexscreener.com/solana/yrrustgpugdp8bbfosqdefssen6sa75zs1qjvgnhtmy)
[TRO](https://t.me/paris_trojanbot?start=d-RickBot-Ey59PH7Z4BFU4HjyKnyMdWt5GGN76KazTAwQihoUXRnk)‚ãÖ[STB](https://t.me/SolTradingBot?start=Ey59PH7Z4BFU4HjyKnyMdWt5GGN76KazTAwQihoUXRnk-yqC7cGy1T)‚ãÖ[PHO](https://photon-sol.tinyastro.io/en/r/@RickBurpBot/YrrUStgPugDp8BbfosqDeFssen6sA75ZS1QJvgnHtmY)‚ãÖ[BLX](https://bullx.io/terminal?chainId=1399811149&address=Ey59PH7Z4BFU4HjyKnyMdWt5GGN76KazTAwQihoUXRnk&r=M7B0AY33YBS)‚ãÖ[GMG](https://gmgn.ai/sol/token/LbosYDck_Ey59PH7Z4BFU4HjyKnyMdWt5GGN76KazTAwQihoUXRnk)‚ãÖ[EXP](https://solscan.io/account/Ey59PH7Z4BFU4HjyKnyMdWt5GGN76KazTAwQihoUXRnk)‚ãÖ[TW](https://twitter.com/search?q=Ey59PH7Z4BFU4HjyKnyMdWt5GGN76KazTAwQihoUXRnk)
[PRO](https://t.me/MaestroProBot?start=Ey59PH7Z4BFU4HjyKnyMdWt5GGN76KazTAwQihoUXRnk-rickburpbot)‚ãÖ[BLO](https://t.me/BloomSolanaEU2_bot?start=ref_RickBot_ca_Ey59PH7Z4BFU4HjyKnyMdWt5GGN76KazTAwQihoUXRnk)‚ãÖ[APE](https://ape.pro/solana/Ey59PH7Z4BFU4HjyKnyMdWt5GGN76KazTAwQihoUXRnk?ref=RPXHyi9dQHMl)‚ãÖ[NEO](https://neo.bullx.io/terminal?chainId=1399811149&address=Ey59PH7Z4BFU4HjyKnyMdWt5GGN76KazTAwQihoUXRnk&r=9NLRTPEP0RV)‚ãÖ[PDR](https://trade.padre.gg/trade/solana/Ey59PH7Z4BFU4HjyKnyMdWt5GGN76KazTAwQihoUXRnk?rk=rick)‚ãÖ[NOV](https://t.me/TradeonNovaBot?start=r-rick-Ey59PH7Z4BFU4HjyKnyMdWt5GGN76KazTAwQihoUXRnk)‚ãÖ[CAL](https://t.me/CallAnalyserBot?start=Ey59PH7Z4BFU4HjyKnyMdWt5GGN76KazTAwQihoUXRnk)
üéØ **NEW:** Auto-Sniper now LIVE [on Trojan](https://t.me/solana_trojanbot?start=r-rickbot)",https://cdn.discordapp.com/avatars/745777409244266557/78478852b940f7cd53ced399e8b08509.png?size=1024,https://images-ext-1.discordapp.net/external/oftC-d9VdH54bEZCuS20U16MFElLXXDMTUOK2dGwSdM/%3Fsize%3D1024/https/cdn.discordapp.com/avatars/745777409244266557/78478852b940f7cd53ced399e8b08509.png,karm_live üèÜ okgoalex @ 449.5K üìà 40x ‚ãÖ 1h üëÄ 713,,,,,,,,,,,,,,rich,https://dexscreener.com/solana/yrrustgpugdp8bbfosqdefssen6sa75zs1qjvgnhtmy,0,,,false,,78478852b940f7cd53ced399e8b08509,,a_f3af281c65cf0cf590e9e1f59e9c6cf6,,1212569856189407352,,,,,,,0,karm_live,745777409244266557,,,,,,0,karm_live,,1013855610871226480,991099143705600000,1332213599300751370,0,,false,0,,,,,,,,2025-01-24T05:01:14.540000+00:00,false,19,Rick,
1332213599573250069,,,,,,,,,,,,,,,,ce5338ac62343a92ecaab089d59a9f91,,,,,,,,,,,0,Lumi,353129087385993216,,,,,,0,lumillust,,1013855610871226480,,fr,2025-01-24T05:01:13.470Z,,,,,,,,,,,,,,,,,,,,,,,,,,,,0,,,false,,,,,,,,,,,,,,,,,,,,,,,,,,,,,false,,,,,,,,,2025-01-24T05:01:13.470000+00:00,false,0,lumillust,
1332213599300751370,,,,,,,,,,,,,,,,78478852b940f7cd53ced399e8b08509,,a_f3af281c65cf0cf590e9e1f59e9c6cf6,,1212569856189407352,,,,,,,0,karm_live,745777409244266557,,,,,,0,karm_live,,1013855610871226480,,Ey59PH7Z4BFU4HjyKnyMdWt5GGN76KazTAwQihoUXRnk,2025-01-24T05:01:13.405Z,,,,,,,,,,,,,,,,,,,,,,,,,,,,0,,,false,,,,,,,,,,,,,,,,,,,,,,,,,,,,,false,,,,,,,,,2025-01-24T05:01:13.405000+00:00,false,0,karm_live,
1332213544124416060,,,,,,,,,,,,,,,,1683e498de1cd2296912748b0349bebc,,,,,,,,,,,0,nuget,556462632547254272,,,,,,64,nuget1,,1013855610871226480,,holy,2025-01-24T05:01:00.250Z,,,,,,,,,,,,,,,,,,,,,,,,,,,,0,,,false,,,,,,,,,,,,,,,,,,,,,,,,,,,,,false,,,,,,,,,2025-01-24T05:01:00.250000+00:00,false,0,nuget1,
1332213541674942474,,,,,,,,,,,,,,,,1683e498de1cd2296912748b0349bebc,,,,,,,,,,,0,nuget,556462632547254272,,,,,,64,nuget1,,1013855610871226480,,telegram asmr,2025-01-24T05:00:59.666Z,,,,,,,,,,,,,,,,,,,,,,,,,,,,0,,,false,,,,,,,,,,,,,,,,,,,,,,,,,,,,,false,,,,,,,,,2025-01-24T05:00:59.666000+00:00,false,0,nuget1,
1332213487602106400,,,,,,,,,,,,,,,,fe3156ef558994891468f4f5d160a2b8,,,,,true,,,,,,7141,,1310338209229832254,,,,,,0,Wuup,,1013855610871226480,,,2025-01-24T05:00:46.774Z,,,https://pbs.twimg.com/profile_images/1875434258426187776/XUJTdd67.jpg,alon (@a1lon9),https://images-ext-1.discordapp.net/external/k8sOSyoGAVQSYfPiNHJzZppkM4N_3NkAsuUsV3WepVo/https/pbs.twimg.com/profile_images/1875434258426187776/XUJTdd67.jpg,https://x.com/a1lon9,8130774,1,"> **CryptoJamie** (**[@cryptojamie7](https://x.com/cryptojamie7)**)
> ([**1,044** Following](https://x.com/cryptojamie7/following) | [**51,456** Followers](https://x.com/cryptojamie7/followers))
> 
> ideas [t.me/jamiescave](http://t.me/jamiescave)  verify telegram [@jamiewagmi1](https://x.com/jamiewagmi1)

Recently Followed By **[@0xcryptowizard](https://x.com/0xcryptowizard)**, **[@SmallCapScience](https://x.com/SmallCapScience)**, **[@karl_0x](https://x.com/karl_0x)**, **[@tombxbt](https://x.com/tombxbt)**, **[@free_electron0](https://x.com/free_electron0)**, **[@nosleepjon](https://x.com/nosleepjon)**, **[@0xfunin](https://x.com/0xfunin)**, **[@crypt0wu](https://x.com/crypt0wu)**, **[@atomicfartt](https://x.com/atomicfartt)**, **[@Zibbaay](https://x.com/Zibbaay)**, **[@inth3mud](https://x.com/inth3mud)**, **[@lunarfang_416](https://x.com/lunarfang_416)**, **[@SolDiggerr](https://x.com/SolDiggerr)**, **[@IamIov](https://x.com/IamIov)**, **[@telo6_](https://x.com/telo6_)**",,,Built By @WuupX on ùïè   ‚Äî   Tweet Tracker,,,,,,0,396,,,https://images-ext-1.discordapp.net/external/Qp7AWKAGz8lgjG3aXcjeQoUD0iQZmRhXIv4q7xiAujM/https/pbs.twimg.com/profile_images/1655860083983626241/imNs1znd.jpg,https://pbs.twimg.com/profile_images/1655860083983626241/imNs1znd.jpg,396,@a1lon9 Followed @cryptojamie7:,rich,https://x.com/cryptojamie7,0,,,false,,,,,,,,,,,,,,,,,,,,,,,,,,,,,false,,,,,,,,,2025-01-24T05:00:46.774000+00:00,false,0,Wuup,
1332213452982452295,,,,,,,,,,,,,,,,a8312349bb0d0495dacac59741f96e88,,,,,,,,,,,0,exe (Non Critical Thinker),1290545674013904930,,,,,,0,exe945,,1013855610871226480,,we going to 0 chat?,2025-01-24T05:00:38.520Z,,,,,,,,,,,,,,,,,,,,,,,,,,,,0,,,false,,,,,,,,,,,,,,,,,,,,,,,,,,,,,false,,,,,,,,,2025-01-24T05:00:38.520000+00:00,false,0,exe945,
1332213438230954035,,,,,1,image/png,image.png,886,1332213438012985448,w/cFDYCJu7mZeYZ/dZiYfqZ7AKYY,1,https://media.discordapp.net/attachments/1013855610871226480/1332213438012985448/image.png?ex=67946ff2&is=67931e72&hm=68362cc64b39b2c315db2568ae55e33edd9c839bd35bee6316d327b4ca1da382&,97257,https://cdn.discordapp.com/attachments/1013855610871226480/1332213438012985448/image.png?ex=67946ff2&is=67931e72&hm=68362cc64b39b2c315db2568ae55e33edd9c839bd35bee6316d327b4ca1da382&,1239,a8312349bb0d0495dacac59741f96e88,,,,,,,,,,,0,exe (Non Critical Thinker),1290545674013904930,,,,,,0,exe945,,1013855610871226480,,,2025-01-24T05:00:35.003Z,,,,,,,,,,,,,,,,,,,,,,,,,,,,0,,,false,,,,,,,,,,,,,,,,,,,,,,,,,,,,,false,,,,,,,,,2025-01-24T05:00:35.003000+00:00,false,0,exe945,
1332213396287918090,,,,,,,,,,,,,,,,02f2836258ad8691d00a395d8996b4d9,,a_77b7b6a740a9451e1ef39c0252154ef8,,1228251144065777765,,,,,,,0,ilikecats,105682691059367936,,,,,,0,ilikecats,,1013855610871226480,,gyat,2025-01-24T05:00:25.003Z,,,,,,,,,,,,,,,,,,,,,,,,,,,,0,,,false,,,,,,,,,,,,,,,,,,,,,,,,,,,,,false,,,,,,,,,2025-01-24T05:00:25.003000+00:00,false,0,ilikecats,
1332213380601348159,,,,,,,,,,,,,,,,11f8140955e2f916b31186cec19d183e,,,,,true,,,,,,5864,,1261022032183689216,,,,,,0,Pastel Rep Bot,,1013855610871226480,,,2025-01-24T05:00:21.263Z,,,,,,,11922135,1,,https://cdn.discordapp.com/avatars/105682691059367936/02f2836258ad8691d00a395d8996b4d9.png,https://images-ext-1.discordapp.net/external/AV26fkkBdrrSUNtOwoAYVlW4zlWr5Jdc24r2xONDC6E/https/cdn.discordapp.com/avatars/105682691059367936/02f2836258ad8691d00a395d8996b4d9.png,ilikecats (0 no rating)  ‚Ä¢  üü© 0 / üü• 0  ‚Ä¢  0 total,,,,,,,,,,,,,,rich,,0,,,false,,7d3382c43131d66ea4df0bf3ef7d2baf,,,,,true,,,,,,9725,,1081815963990761542,,,,,,65536,Rick,,1013855610871226480,991099143705600000,1332213380139716628,0,,false,0,,,,,,,,2025-01-24T05:00:21.263000+00:00,false,19,Pastel Rep Bot,
1332213380139716628,,,,,,,,,,,,,,,,7d3382c43131d66ea4df0bf3ef7d2baf,,,,,true,,,,,,9725,,1081815963990761542,,,,,,65536,Rick,,1013855610871226480,,**Ben Pasternak (clout.me) [20.6M/94.8K%] - PASTERNAK/SOL** [‚¨ÜÔ∏é](https://discord.com/channels/991099143705600000/1013855610871226480/1332193748683329679),2025-01-24T05:00:21.153Z,,,,,,,11597382,1,"<:sol:941653282420576296> Solana @ Raydium Clmm üî• `#1`
üí∞ USD: `$0.021`
üíé FDV: `$20.6M`  ‚û°Ô∏é ATH: `$21.9M` `[11m]` 
üí¶ Liq: `$599K` `[x68.9]` 
üìä Vol: `$18M`  üï∞Ô∏è Age: `1h`
üöÄ 1H: `2K%` ‚ãÖ `$14.7M` üÖë `9.4K` ‚ìà `8.7K`
üë• TH: [2.5](https://solscan.io/account/6Q9WLGpsnmVEb3JPH2K7RxAeXDC4zmS8L8wyHSjNiRHP)‚ãÖ[2.4](https://solscan.io/account/EsCk2ewGL1tEnL3zzai7ZUbBjDyYDxYoumVcCYKf6no3)‚ãÖ[2.2](https://solscan.io/account/Hr31aGDVmPCh5Sa2y7PbgdTvtT39r2SKsG9qJpYPJUQp)‚ãÖ[1.8](https://solscan.io/account/YrrUStgPugDp8BbfosqDeFssen6sA75ZS1QJvgnHtmY)‚ãÖ[1.7](https://solscan.io/account/karo5KfhLKn3vN3znmYbJRyyGQCoLya953WbRkDvjWP) `[17%]`
üñ®Ô∏è Mint: ‚úÖ
[üíπ](https://t.me/RickBurpBot/dsapp?startapp=Ey59PH7Z4BFU4HjyKnyMdWt5GGN76KazTAwQihoUXRnk_solana&mode=compact) Chart: [DEX](https://dexscreener.com/solana/yrrustgpugdp8bbfosqdefssen6sa75zs1qjvgnhtmy) ‚ãÖ [DEF](https://www.defined.fi/sol/Ey59PH7Z4BFU4HjyKnyMdWt5GGN76KazTAwQihoUXRnk?referralCode=SR2O2&utm_source=rick&utm_medium=bots)

`Ey59PH7Z4BFU4HjyKnyMdWt5GGN76KazTAwQihoUXRnk`
[MAE](https://t.me/MaestroSniperBot?start=Ey59PH7Z4BFU4HjyKnyMdWt5GGN76KazTAwQihoUXRnk-rickburpbot)‚ãÖ[BAN](https://t.me/BananaGun_bot?start=snp_rickburpbot_Ey59PH7Z4BFU4HjyKnyMdWt5GGN76KazTAwQihoUXRnk)‚ãÖ[BNK](https://t.me/mcqueen_bonkbot?start=ref_rickbot_ca_Ey59PH7Z4BFU4HjyKnyMdWt5GGN76KazTAwQihoUXRnk)‚ãÖ[SHU](https://t.me/ShurikenTradeBot?start=qt-RickSanchez-Ey59PH7Z4BFU4HjyKnyMdWt5GGN76KazTAwQihoUXRnk)‚ãÖ[PEP](https://t.me/pepeboost_sol_bot?start=ref_0xRick_ca_Ey59PH7Z4BFU4HjyKnyMdWt5GGN76KazTAwQihoUXRnk)‚ãÖ[MVX](https://mevx.io/solana/Ey59PH7Z4BFU4HjyKnyMdWt5GGN76KazTAwQihoUXRnk?ref=RickBot)‚ãÖ[DEX](https://dexscreener.com/solana/yrrustgpugdp8bbfosqdefssen6sa75zs1qjvgnhtmy)
[TRO](https://t.me/paris_trojanbot?start=d-RickBot-Ey59PH7Z4BFU4HjyKnyMdWt5GGN76KazTAwQihoUXRnk)‚ãÖ[STB](https://t.me/SolTradingBot?start=Ey59PH7Z4BFU4HjyKnyMdWt5GGN76KazTAwQihoUXRnk-yqC7cGy1T)‚ãÖ[PHO](https://photon-sol.tinyastro.io/en/r/@RickBurpBot/YrrUStgPugDp8BbfosqDeFssen6sA75ZS1QJvgnHtmY)‚ãÖ[BLX](https://bullx.io/terminal?chainId=1399811149&address=Ey59PH7Z4BFU4HjyKnyMdWt5GGN76KazTAwQihoUXRnk&r=M7B0AY33YBS)‚ãÖ[GMG](https://gmgn.ai/sol/token/LbosYDck_Ey59PH7Z4BFU4HjyKnyMdWt5GGN76KazTAwQihoUXRnk)‚ãÖ[EXP](https://solscan.io/account/Ey59PH7Z4BFU4HjyKnyMdWt5GGN76KazTAwQihoUXRnk)‚ãÖ[TW](https://twitter.com/search?q=Ey59PH7Z4BFU4HjyKnyMdWt5GGN76KazTAwQihoUXRnk)
[PRO](https://t.me/MaestroProBot?start=Ey59PH7Z4BFU4HjyKnyMdWt5GGN76KazTAwQihoUXRnk-rickburpbot)‚ãÖ[BLO](https://t.me/BloomSolanaEU2_bot?start=ref_RickBot_ca_Ey59PH7Z4BFU4HjyKnyMdWt5GGN76KazTAwQihoUXRnk)‚ãÖ[APE](https://ape.pro/solana/Ey59PH7Z4BFU4HjyKnyMdWt5GGN76KazTAwQihoUXRnk?ref=RPXHyi9dQHMl)‚ãÖ[NEO](https://neo.bullx.io/terminal?chainId=1399811149&address=Ey59PH7Z4BFU4HjyKnyMdWt5GGN76KazTAwQihoUXRnk&r=9NLRTPEP0RV)‚ãÖ[PDR](https://trade.padre.gg/trade/solana/Ey59PH7Z4BFU4HjyKnyMdWt5GGN76KazTAwQihoUXRnk?rk=rick)‚ãÖ[NOV](https://t.me/TradeonNovaBot?start=r-rick-Ey59PH7Z4BFU4HjyKnyMdWt5GGN76KazTAwQihoUXRnk)‚ãÖ[CAL](https://t.me/CallAnalyserBot?start=Ey59PH7Z4BFU4HjyKnyMdWt5GGN76KazTAwQihoUXRnk)
üíä **TIP:** Trending pump.fun tokens: </pftrending:1273058507184410634>",https://cdn.discordapp.com/avatars/105682691059367936/02f2836258ad8691d00a395d8996b4d9.png?size=1024,https://images-ext-1.discordapp.net/external/qSX1lB6j-LtI1xc6ROMFJniyoi8XQTpu1ejYU_2m_g8/%3Fsize%3D1024/https/cdn.discordapp.com/avatars/105682691059367936/02f2836258ad8691d00a395d8996b4d9.png,ilikecats üèÜ okgoalex @ 449.5K üìà 46x ‚ãÖ 1h üëÄ 697,,,,,,,,,,,,,,rich,https://dexscreener.com/solana/yrrustgpugdp8bbfosqdefssen6sa75zs1qjvgnhtmy,0,,,false,,02f2836258ad8691d00a395d8996b4d9,,a_77b7b6a740a9451e1ef39c0252154ef8,,1228251144065777765,,,,,,,0,ilikecats,105682691059367936,,,,,,0,ilikecats,,1013855610871226480,991099143705600000,1332213375261999164,0,,false,0,,,,,,,,2025-01-24T05:00:21.153000+00:00,false,19,Rick,
1332213375261999164,,,,,,,,,,,,,,,,02f2836258ad8691d00a395d8996b4d9,,a_77b7b6a740a9451e1ef39c0252154ef8,,1228251144065777765,,,,,,,0,ilikecats,105682691059367936,,,,,,0,ilikecats,,1013855610871226480,,Ey59PH7Z4BFU4HjyKnyMdWt5GGN76KazTAwQihoUXRnk,2025-01-24T05:00:19.990Z,,,,,,,,,,,,,,,,,,,,,,,,,,,,0,,,false,,,,,,,,,,,,,,,,,,,,,,,,,,,,,false,,,,,,,,,2025-01-24T05:00:19.990000+00:00,false,0,ilikecats,
1332213310187372616,,,,,,,,,,,,,,,,16c0a5098b61add3ae8acdd3f0f25fc9,,,,,,,,,,,0,X,1090332416729686157,,,,,,0,frankdedogs,,1013855610871226480,,bro how,2025-01-24T05:00:04.475Z,,,,,,,,,,,,,,,,,,,,,,,,,,,,0,,,false,,,,,,,,,,,,,,,,,,,,,,,,,,,,,false,,,,,,,,,2025-01-24T05:00:04.475000+00:00,false,0,frankdedogs,
1332213298422091777,,,,,,,,,,,,,,,,11f8140955e2f916b31186cec19d183e,,,,,true,,,,,,5864,,1261022032183689216,,,,,,0,Pastel Rep Bot,,1013855610871226480,,,2025-01-24T05:00:01.670Z,,,,,,,11922135,1,,https://cdn.discordapp.com/avatars/1331787702093352984/a_a613f042cf2cdeed85422c5b1058308e.png,https://images-ext-1.discordapp.net/external/xob3zM1iCeur6mx-oAiBggQmrTHxn_wOyJ_9ZnyyXDM/https/cdn.discordapp.com/avatars/1331787702093352984/a_a613f042cf2cdeed85422c5b1058308e.png,RugPullKing (0 no rating)  ‚Ä¢  üü© 0 / üü• 0  ‚Ä¢  0 total,,,,,,,,,,,,,,rich,,0,,,false,,7d3382c43131d66ea4df0bf3ef7d2baf,,,,,true,,,,,,9725,,1081815963990761542,,,,,,65536,Rick,,1013855610871226480,991099143705600000,1332213297541419068,0,,false,0,,,,,,,,2025-01-24T05:00:01.670000+00:00,false,19,Pastel Rep Bot,
1332213297541419068,,,,,,,,,,,,,,,,7d3382c43131d66ea4df0bf3ef7d2baf,,,,,true,,,,,,9725,,1081815963990761542,,,,,,65536,Rick,,1013855610871226480,,üÜïüíä **[VoxulantAI](https://pump.fun/7X3R4fTxTGCkS5Z9AikQvDgvZCGhUXbCrBXcLAzNpump) [1.2M/976%] - VOX/SOL** [‚¨ÜÔ∏é](https://discord.com/channels/991099143705600000/1013855610871226480/1332211405243416607),2025-01-24T05:00:01.460Z,,,,,,,3967172,1,"<:sol:941653282420576296> Solana @ Raydium üî• `#3`
üí∞ USD: `$0.0011759`
üíé FDV: `$1.2M`  ‚û°Ô∏é ATH: `$1.5M` `[2m]` 
üí¶ Liq: `$140K` `[x16.8]` 
üìä Vol: `$2M`  üï∞Ô∏è Age: `13m`
üöÄ 1H: `976%` ‚ãÖ `$2.1M` üÖë `3.2K` ‚ìà `2.9K`
üë• TH: [4.5](https://solscan.io/account/G3q3XwsKefA14kqRpGsP115XeAet31kUmr8RM9Nfwmpw)‚ãÖ[3.2](https://solscan.io/account/JDd3hy3gQn2V982mi1zqhNqUw1GfV2UL6g76STojCJPN)‚ãÖ[2.9](https://solscan.io/account/BEcYGTAXqr57MvE2mcYYQLmVbFUX6GB1feLqqnY9RoxF)‚ãÖ[2.5](https://solscan.io/account/6LbuEXvcETWtRp3gBxsy7Py8t8eAfzo4rYmpUskD9Y4t)‚ãÖ[2.4](https://solscan.io/account/Bpk7VVctpzXYx4BuPnZzs3VSSAWSAQJVq9VufFAq5p6b) `[24%]`
üñ®Ô∏è Mint: ‚úÖ
[üíπ](https://t.me/RickBurpBot/dsapp?startapp=7X3R4fTxTGCkS5Z9AikQvDgvZCGhUXbCrBXcLAzNpump_solana&mode=compact) Chart: [DEX](https://dexscreener.com/solana/4kmm68efhvhaoqwkan5chay2e6etv7pqojeyjkp8lupy) ‚ãÖ [DEF](https://www.defined.fi/sol/7X3R4fTxTGCkS5Z9AikQvDgvZCGhUXbCrBXcLAzNpump?referralCode=SR2O2&utm_source=rick&utm_medium=bots)

`7X3R4fTxTGCkS5Z9AikQvDgvZCGhUXbCrBXcLAzNpump`
[MAE](https://t.me/MaestroSniperBot?start=7X3R4fTxTGCkS5Z9AikQvDgvZCGhUXbCrBXcLAzNpump-rickburpbot)‚ãÖ[BAN](https://t.me/BananaGun_bot?start=snp_rickburpbot_7X3R4fTxTGCkS5Z9AikQvDgvZCGhUXbCrBXcLAzNpump)‚ãÖ[BNK](https://t.me/mcqueen_bonkbot?start=ref_rickbot_ca_7X3R4fTxTGCkS5Z9AikQvDgvZCGhUXbCrBXcLAzNpump)‚ãÖ[SHU](https://t.me/ShurikenTradeBot?start=qt-RickSanchez-7X3R4fTxTGCkS5Z9AikQvDgvZCGhUXbCrBXcLAzNpump)‚ãÖ[PEP](https://t.me/pepeboost_sol_bot?start=ref_0xRick_ca_7X3R4fTxTGCkS5Z9AikQvDgvZCGhUXbCrBXcLAzNpump)‚ãÖ[MVX](https://mevx.io/solana/7X3R4fTxTGCkS5Z9AikQvDgvZCGhUXbCrBXcLAzNpump?ref=RickBot)‚ãÖ[DEX](https://dexscreener.com/solana/4kmm68efhvhaoqwkan5chay2e6etv7pqojeyjkp8lupy)
[TRO](https://t.me/paris_trojanbot?start=d-RickBot-7X3R4fTxTGCkS5Z9AikQvDgvZCGhUXbCrBXcLAzNpump)‚ãÖ[STB](https://t.me/SolTradingBot?start=7X3R4fTxTGCkS5Z9AikQvDgvZCGhUXbCrBXcLAzNpump-yqC7cGy1T)‚ãÖ[PHO](https://photon-sol.tinyastro.io/en/r/@RickBurpBot/4kMm68efHVHAoqWkAn5cHAy2e6etV7PQoJEYJKP8Lupy)‚ãÖ[BLX](https://bullx.io/terminal?chainId=1399811149&address=7X3R4fTxTGCkS5Z9AikQvDgvZCGhUXbCrBXcLAzNpump&r=M7B0AY33YBS)‚ãÖ[GMG](https://gmgn.ai/sol/token/LbosYDck_7X3R4fTxTGCkS5Z9AikQvDgvZCGhUXbCrBXcLAzNpump)‚ãÖ[EXP](https://solscan.io/account/7X3R4fTxTGCkS5Z9AikQvDgvZCGhUXbCrBXcLAzNpump)‚ãÖ[TW](https://twitter.com/search?q=7X3R4fTxTGCkS5Z9AikQvDgvZCGhUXbCrBXcLAzNpump)
[PRO](https://t.me/MaestroProBot?start=7X3R4fTxTGCkS5Z9AikQvDgvZCGhUXbCrBXcLAzNpump-rickburpbot)‚ãÖ[BLO](https://t.me/BloomSolanaEU2_bot?start=ref_RickBot_ca_7X3R4fTxTGCkS5Z9AikQvDgvZCGhUXbCrBXcLAzNpump)‚ãÖ[APE](https://ape.pro/solana/7X3R4fTxTGCkS5Z9AikQvDgvZCGhUXbCrBXcLAzNpump?ref=RPXHyi9dQHMl)‚ãÖ[NEO](https://neo.bullx.io/terminal?chainId=1399811149&address=7X3R4fTxTGCkS5Z9AikQvDgvZCGhUXbCrBXcLAzNpump&r=9NLRTPEP0RV)‚ãÖ[PDR](https://trade.padre.gg/trade/solana/7X3R4fTxTGCkS5Z9AikQvDgvZCGhUXbCrBXcLAzNpump?rk=rick)‚ãÖ[NOV](https://t.me/TradeonNovaBot?start=r-rick-7X3R4fTxTGCkS5Z9AikQvDgvZCGhUXbCrBXcLAzNpump)‚ãÖ[CAL](https://t.me/CallAnalyserBot?start=7X3R4fTxTGCkS5Z9AikQvDgvZCGhUXbCrBXcLAzNpump)
‚ùáÔ∏è **JUST IN:** Jan 13 „Éª [Rick's Changelogs](https://t.me/rickburpbotnews/80)",https://cdn.discordapp.com/avatars/1331787702093352984/a_a613f042cf2cdeed85422c5b1058308e.gif?size=1024,https://images-ext-1.discordapp.net/external/AHcjpqw0527QoouuiD1oqC4rNmbq4FVJew_Czc3BkbI/%3Fsize%3D1024/https/cdn.discordapp.com/avatars/1331787702093352984/a_a613f042cf2cdeed85422c5b1058308e.gif,rugpullking üèÜ ohzarke @ 607.0K üìà 2x ‚ãÖ 7m üëÄ 106,,,,,,,,,,,,,,rich,https://dexscreener.com/solana/4kmm68efhvhaoqwkan5chay2e6etv7pqojeyjkp8lupy,0,,,false,,a_a613f042cf2cdeed85422c5b1058308e,,,,,,,,,,,0,RugPullKing,1331787702093352984,,,,,,0,rugpullking,,1013855610871226480,991099143705600000,1332213294760595542,0,,false,0,,,,,,,,2025-01-24T05:00:01.460000+00:00,false,19,Rick,